Account Code,Brand,Services,To Country,To Name,To Company Name,To Street1,To Street2,To City,To Zipcode,To State,To Phone,Internal Reference,Package Type,Receiver's Signature,Description of goods,Value invoice,Reason For Export,Total number of Packages,Weight,Length,Height,Width
KG202302,HCM,KSN-AU,AU,Mr Sang,kango,"1024 VANILLA WALKWAY
",,Abbey,95133,CA,14086446666,,SPX,YES,Clothes,200,Gift,1,10,60,40,40
KG202302,HCM,KSN-AU,AU,Mr Sang,,2 nairn avenue,,Acton,3032,VIC,14086446666,,SPX,,Clothes,200,,2,15,60,40,40
,,,,,,,,,,,,,,,,,,,12,21,12,23
